Player,Position,Team,FP,Cost,Rank,Over,Position,Yds,TD,Ints,Att,Yds,TDs,Rec,Yds,TDs,FP,Cost,Value
"Derrick Henry (RB, TEN)",RB,TEN,27.21,"$8,700 ",#26,#1,#1,0,0,0,24.36,122.14,1.35,1.86,15.3,0.09,27.21,"$8,700 ",3.13
"Russell Wilson (QB, SEA)",QB,SEA,24.07,"$7,900 ",#28,#2,#1,272.5,2.5,0.62,5.37,28.63,0.17,0,0,0,24.07,"$7,900 ",3.05
"Patrick Mahomes (QB, KC)",QB,KC),23.83,"$8,100 ",#7,#3,#2,296.55,2.33,0.6,4.29,18.81,0.24,0,0,0,23.83,"$8,100 ",2.94
"Davante Adams (WR, GB)",WR,GB),22.19,"$9,300 ",#32,#4,#1,0,0,0,0,0,0,7.7,95.52,0.83,22.19,"$9,300 ",2.39
"Josh Allen (QB, BUF)",QB,BUF,23.2,"$7,100 ",#3,#5,#3,265.88,1.78,0.81,7.89,35.43,0.49,0,0,0,23.2,"$7,100 ",3.27
"Aaron Rodgers (QB, GB)",QB,GB),22.3,"$7,500 ",#32,#6,#4,289.34,2.27,0.36,2.72,12.64,0.12,0,0,0,22.3,"$7,500 ",2.97
"Kyler Murray (QB, ARI)",QB,ARI,22.56,"$7,200 ",#13,#7,#5,261.55,1.57,0.76,8.3,38.25,0.47,0,0,0,22.56,"$7,200 ",3.13
"Deshaun Watson (QB, HOU)",QB,HOU,22.52,"$7,600 ",#9,#8,#6,278.66,1.69,0.74,7.44,33.5,0.36,0,0,0,22.52,"$7,600 ",2.96
"Dalvin Cook (RB, MIN)",RB,MIN,21.32,"$9,400 ",#4,#9,#2,0,0,0,21.55,95.47,0.7,3.69,30.86,0.16,21.32,"$9,400 ",2.27
"Lamar Jackson (QB, BAL)",QB,BAL,21.18,"$7,000 ",#25,#10,#7,209.76,1.65,0.58,9.55,47.85,0.36,0,0,0,21.18,"$7,000 ",3.03
"Aaron Jones (RB, GB)",RB,GB),19.98,"$7,600 ",#32,#11,#3,0,0,0,15.25,73.81,0.88,3.2,28.63,0.22,19.98,"$7,600 ",2.63
"Tom Brady (QB, TB)",QB,TB),20.1,"$6,900 ",#15,#12,#8,271.87,2.3,0.53,1.18,2.76,0.05,0,0,0,20.1,"$6,900 ",2.91
"Justin Herbert (QB, LAC)",QB,LAC,20.24,"$6,800 ",#16,#13,#9,282.62,1.87,0.73,2.85,12.73,0.16,0,0,0,20.24,"$6,800 ",2.98
"Tyreek Hill (WR, KC)",WR,KC),19.29,"$8,500 ",#7,#14,#2,0,0,0,1.01,5.27,0.05,5.8,82.22,0.74,19.29,"$8,500 ",2.27
"Austin Ekeler (RB, LAC)",RB,LAC,18.98,"$7,000 ",#16,#15,#4,0,0,0,13.23,59.92,0.38,4.76,43.36,0.27,18.98,"$7,000 ",2.71
"James Robinson (RB, JAC)",RB,JAC,18.97,"$7,500 ",#30,#16,#5,0,0,0,18.56,82.47,0.67,3.48,24.32,0.15,18.97,"$7,500 ",2.53
"DeAndre Hopkins (WR, ARI)",WR,ARI,18.39,"$7,600 ",#13,#17,#3,0,0,0,0,0,0,6.89,85.55,0.49,18.39,"$7,600 ",2.42
"Mike Davis (RB, CAR)",RB,CAR,18.34,"$6,400 ",#8,#18,#6,0,0,0,17.74,69.99,0.58,4.07,28.01,0.17,18.34,"$6,400 ",2.87
"Alvin Kamara (RB, NO)",RB,NO),18.26,"$7,100 ",#18,#19,#7,0,0,0,12.53,58.25,0.68,4.09,33,0.16,18.26,"$7,100 ",2.57
"Ryan Tannehill (QB, TEN)",QB,TEN,19.13,"$6,700 ",#26,#20,#10,269.95,1.77,0.74,2.79,12.31,0.14,0,0,0,19.13,"$6,700 ",2.86
"Stefon Diggs (WR, BUF)",WR,BUF,18.17,"$7,800 ",#3,#21,#4,0,0,0,0,0,0,6.81,81.7,0.54,18.17,"$7,800 ",2.33
"Calvin Ridley (WR, ATL)",WR,ATL,17.79,"$7,500 ",#14,#22,#5,0,0,0,0,0,0,6.06,88.6,0.48,17.79,"$7,500 ",2.37
"Derek Carr (QB, LV)",QB,LV),18.59,"$6,000 ",#10,#23,#11,264.48,1.82,0.58,2.16,8.34,0.11,0,0,0,18.59,"$6,000 ",3.1
"D.K. Metcalf (WR, SEA)",WR,SEA,17.69,"$8,400 ",#28,#24,#6,0,0,0,0,0,0,5.46,83.66,0.65,17.69,"$8,400 ",2.11
"Matthew Stafford (QB, DET)",QB,DET,18.42,"$5,700 ",#17,#25,#12,271.95,1.75,0.65,2.03,7.92,0.08,0,0,0,18.42,"$5,700 ",3.23
"Taysom Hill (QB, NO)",QB,NO),18.57,"$6,600 ",#18,#26,#13,212,1.14,0.93,8.49,39.08,0.46,0,0,0,18.57,"$6,600 ",2.81
"Travis Kelce (TE, KC)",TE,KC),17.37,"$7,400 ",#7,#26,#1,0,0,0,0,0,0,6.39,78.17,0.53,17.37,"$7,400 ",2.35
"Jared Goff (QB, LA)",QB,LA),18.38,"$6,200 ",#12,#28,#14,271.21,1.5,0.8,3.46,13.19,0.21,0,0,0,18.38,"$6,200 ",2.96
"Teddy Bridgewater (QB, CAR)",QB,CAR,17.94,"$5,800 ",#8,#29,#15,249.42,1.55,0.76,3.14,13.4,0.2,0,0,0,17.94,"$5,800 ",3.09
"Philip Rivers (QB, IND)",QB,IND,18.12,"$5,900 ",#31,#30,#16,270.31,1.97,1,0.82,2.53,0.03,0,0,0,18.12,"$5,900 ",3.07
"Terry McLaurin (WR, WSH)",WR,WSH,17.01,"$6,700 ",#11,#31,#7,0,0,0,0.31,1.63,0.01,6.32,78.92,0.43,17.01,"$6,700 ",2.54
"Adam Thielen (WR, MIN)",WR,MIN,17,"$7,000 ",#4,#31,#7,0,0,0,0.01,0.06,0,6.12,77.56,0.52,17,"$7,000 ",2.43
"Ben Roethlisberger (QB, PIT)",QB,PIT,17.94,"$6,700 ",#22,#33,#17,288.69,1.68,0.88,0.96,3.24,0.04,0,0,0,17.94,"$6,700 ",2.68
"Keenan Allen (WR, LAC)",WR,LAC,16.73,"$7,700 ",#16,#34,#9,0,0,0,0,0,0,6.59,74.14,0.46,16.73,"$7,700 ",2.17
"Chris Carson (RB, SEA)",RB,SEA,16.77,"$6,900 ",#28,#35,#8,0,0,0,16.3,71.55,0.56,3,21.81,0.19,16.77,"$6,900 ",2.43
"Cam Newton (QB, NE)",QB,NE),17.48,"$5,900 ",#1,#36,#18,191.27,0.97,0.81,8.89,41.67,0.45,0,0,0,17.48,"$5,900 ",2.96
"Tyler Lockett (WR, SEA)",WR,SEA,16.43,"$7,200 ",#28,#37,#10,0,0,0,0,0,0,5.87,68.08,0.63,16.43,"$7,200 ",2.28
"Mitchell Trubisky (QB, CHI)",QB,CHI,17.3,"$5,600 ",#29,#38,#19,237.15,1.52,0.79,3.89,17.42,0.15,0,0,0,17.3,"$5,600 ",3.09
"Justin Jefferson (WR, MIN)",WR,MIN,16.18,"$7,400 ",#4,#39,#11,0,0,0,0.36,1.83,0.01,5.61,78.68,0.41,16.18,"$7,400 ",2.19
"Matt Ryan (QB, ATL)",QB,ATL,16.89,"$5,700 ",#14,#40,#20,264.94,1.58,0.63,1.12,4.04,0.04,0,0,0,16.89,"$5,700 ",2.96
"Kirk Cousins (QB, MIN)",QB,MIN,16.97,"$6,200 ",#4,#41,#21,254.98,1.64,0.67,1.45,5.65,0.07,0,0,0,16.97,"$6,200 ",2.74
"Tua Tagovailoa (QB, MIA)",QB,MIA,16.92,"$5,400 ",#19,#42,#22,234.94,1.55,0.7,2.57,11.16,0.16,0,0,0,16.92,"$5,400 ",3.13
"A.J. Brown (WR, TEN)",WR,TEN,16.1,"$7,300 ",#26,#43,#12,0,0,0,0,0,0,5.16,82.12,0.46,16.1,"$7,300 ",2.21
"Daniel Jones (QB, NYG)",QB,NYG,17.15,"$5,500 ",#20,#44,#23,220.47,1.46,0.76,4.87,23.09,0.21,0,0,0,17.15,"$5,500 ",3.12
"Allen Robinson (WR, CHI)",WR,CHI,15.75,"$6,800 ",#29,#45,#13,0,0,0,0,0,0,6.21,69.01,0.44,15.75,"$6,800 ",2.32
"Robby Anderson (WR, CAR)",WR,CAR,15.78,"$6,200 ",#8,#46,#14,0,0,0,0,0,0,5.62,75.56,0.44,15.78,"$6,200 ",2.55
"Andy Dalton (QB, DAL)",QB,DAL,16.66,"$5,500 ",#24,#47,#24,233.72,1.51,0.82,3.12,11.81,0.16,0,0,0,16.66,"$5,500 ",3.03
"Brandon Allen (QB, CIN)",QB,CIN,16.56,"$4,900 ",#27,#48,#25,244.9,1.42,0.76,2.84,11.96,0.12,0,0,0,16.56,"$4,900 ",3.38
"Ezekiel Elliott (RB, DAL)",RB,DAL,15.91,"$6,600 ",#24,#49,#9,0,0,0,18.27,82.01,0.53,2.46,16.94,0.11,15.91,"$6,600 ",2.41
"Darren Waller (TE, LV)",TE,LV),15.52,"$6,800 ",#10,#50,#2,0,0,0,0,0,0,6.18,63.61,0.5,15.52,"$6,800 ",2.28
"Mike Glennon (QB, JAC)",QB,JAC,16.7,"$5,100 ",#30,#51,#26,252.26,1.59,1.13,2.14,8.72,0.1,0,0,0,16.7,"$5,100 ",3.27
"Marvin Jones (WR, DET)",WR,DET,15.08,"$5,800 ",#17,#52,#15,0,0,0,0,0,0,5.3,65.81,0.53,15.08,"$5,800 ",2.6
"Alex Smith (QB, WSH)",QB,WSH,15.67,"$5,200 ",#11,#53,#27,227.37,1.38,0.51,2.44,11.01,0.08,0,0,0,15.67,"$5,200 ",3.01
"James Conner (RB, PIT)",RB,PIT,15.08,"$6,300 ",#22,#54,#10,0,0,0,16.03,70.95,0.53,2.37,18.6,0.1,15.08,"$6,300 ",2.39
"Nick Mullens (QB, SF)",QB,SF),15.88,"$5,100 ",#6,#55,#28,252.76,1.48,0.83,0.91,3.89,0.05,0,0,0,15.88,"$5,100 ",3.11
"Robert Woods (WR, LA)",WR,LA),14.96,"$6,700 ",#12,#56,#16,0,0,0,0.79,4.66,0.05,5.75,66.03,0.31,14.96,"$6,700 ",2.23
"Diontae Johnson (WR, PIT)",WR,PIT,15.03,"$6,700 ",#22,#56,#16,0,0,0,0.04,0.25,0,5.89,68.06,0.4,15.03,"$6,700 ",2.24
"David Montgomery (RB, CHI)",RB,CHI,14.96,"$6,500 ",#29,#58,#11,0,0,0,15.91,67.92,0.47,2.63,20.33,0.12,14.96,"$6,500 ",2.3
"Raheem Mostert (RB, SF)",RB,SF),14.97,"$6,200 ",#6,#59,#12,0,0,0,15.64,75.59,0.56,1.91,16.83,0.09,14.97,"$6,200 ",2.41
"Michael Thomas (WR, NO)",WR,NO),14.89,"$7,100 ",#18,#59,#18,0,0,0,0,0,0,6.04,67.45,0.35,14.89,"$7,100 ",2.1
"Brandin Cooks (WR, HOU)",WR,HOU,14.77,"$6,100 ",#9,#61,#19,0,0,0,0.31,1.61,0.01,4.96,72.34,0.39,14.77,"$6,100 ",2.42
"Cooper Kupp (WR, LA)",WR,LA),14.73,"$6,500 ",#12,#62,#20,0,0,0,0.02,0.1,0,5.77,67.72,0.37,14.73,"$6,500 ",2.27
"Chris Godwin (WR, TB)",WR,TB),14.54,"$6,300 ",#15,#63,#21,0,0,0,0,0,0,5.27,64.84,0.47,14.54,"$6,300 ",2.31
"Baker Mayfield (QB, CLE)",QB,CLE,15.3,"$5,700 ",#2,#64,#29,225.61,1.38,0.86,2.31,10.15,0.11,0,0,0,15.3,"$5,700 ",2.68
"Jalen Hurts (QB, PHI)",QB,PHI,15.57,"$5,100 ",#5,#65,#30,235.2,1.03,1.04,4.62,20.11,0.21,0,0,0,15.57,"$5,100 ",3.05
"Cole Beasley (WR, BUF)",WR,BUF,14,"$5,000 ",#3,#66,#22,0,0,0,0,0,0,5.1,64.9,0.4,14,"$5,000 ",2.8
"Deebo Samuel (WR, SF)",WR,SF),13.96,"$6,400 ",#6,#67,#23,0,0,0,0.89,4.5,0.04,4.86,64.55,0.33,13.96,"$6,400 ",2.18
"Drew Lock (QB, DEN)",QB,DEN,14.75,"$5,100 ",#21,#68,#31,221.35,1.2,0.79,2.82,11.8,0.13,0,0,0,14.75,"$5,100 ",2.89
"Jarvis Landry (WR, CLE)",WR,CLE,13.79,"$6,300 ",#2,#69,#24,0,0,0,0.13,0.71,0,5.29,64.44,0.33,13.79,"$6,300 ",2.19
"Duke Johnson (RB, HOU)",RB,HOU,13.83,"$4,800 ",#9,#70,#13,0,0,0,11.29,46.67,0.29,3.5,30.44,0.16,13.83,"$4,800 ",2.88
"Tee Higgins (WR, CIN)",WR,CIN,13.69,"$4,800 ",#27,#71,#25,0,0,0,0.21,1.16,0.01,4.74,66.81,0.35,13.69,"$4,800 ",2.85
"Brandon Aiyuk (WR, SF)",WR,SF),13.66,"$5,400 ",#6,#72,#26,0,0,0,0.61,3.06,0.03,4.79,63.04,0.35,13.66,"$5,400 ",2.53
"DeAndre Washington (RB, MIA)",RB,MIA,13.59,"$4,000 ",#19,#73,#14,0,0,0,13.97,58.32,0.39,2.75,18.55,0.14,13.59,"$4,000 ",3.4
"DeVante Parker (WR, MIA)",WR,MIA,13.54,"$6,100 ",#19,#74,#27,0,0,0,0,0,0,4.83,64.4,0.38,13.54,"$6,100 ",2.22
"Giovani Bernard (RB, CIN)",RB,CIN,13.61,"$5,000 ",#27,#74,#15,0,0,0,14.74,59.98,0.33,2.88,21.55,0.11,13.61,"$5,000 ",2.72
"Corey Davis (WR, TEN)",WR,TEN,13.48,"$5,700 ",#26,#76,#28,0,0,0,0,0,0,4.85,64.87,0.36,13.48,"$5,700 ",2.36
"Ronald Jones (RB, TB)",RB,TB),13.62,"$6,100 ",#15,#76,#16,0,0,0,15.11,67.36,0.67,1.51,10.3,0.08,13.62,"$6,100 ",2.23
"Kenyan Drake (RB, ARI)",RB,ARI,13.44,"$5,500 ",#13,#78,#17,0,0,0,14.3,64.74,0.48,1.94,16.36,0.09,13.44,"$5,500 ",2.44
"D.J. Chark (WR, JAC)",WR,JAC,13.38,"$5,300 ",#30,#79,#29,0,0,0,0,0,0,5.2,60.22,0.36,13.38,"$5,300 ",2.52
"Nick Chubb (RB, CLE)",RB,CLE,13.41,"$7,600 ",#2,#80,#18,0,0,0,15.71,78.9,0.56,1.09,8.08,0.05,13.41,"$7,600 ",1.76
"Curtis Samuel (WR, CAR)",WR,CAR,13.21,"$5,200 ",#8,#81,#30,0,0,0,1.89,11.46,0.1,4.35,50.1,0.35,13.21,"$5,200 ",2.54
"Wayne Gallman (RB, NYG)",RB,NYG,13.23,"$5,700 ",#20,#82,#19,0,0,0,14.98,65.4,0.48,1.95,13.61,0.09,13.23,"$5,700 ",2.32
"Keke Coutee (WR, HOU)",WR,HOU,12.91,"$5,000 ",#9,#83,#31,0,0,0,0.26,1.33,0.01,4.63,61.4,0.33,12.91,"$5,000 ",2.58
"JuJu Smith-Schuster (WR, PIT)",WR,PIT,12.66,"$6,100 ",#22,#84,#32,0,0,0,0,0,0,5.19,54.48,0.34,12.66,"$6,100 ",2.08
"Mike Evans (WR, TB)",WR,TB),12.45,"$6,600 ",#15,#85,#33,0,0,0,0,0,0,4.23,55.15,0.45,12.45,"$6,600 ",1.89
"Tyler Boyd (WR, CIN)",WR,CIN,12.46,"$4,900 ",#27,#85,#33,0,0,0,0.19,1.07,0.01,4.65,57.96,0.31,12.46,"$4,900 ",2.54
"Antonio Brown (WR, TB)",WR,TB),12.4,"$5,500 ",#15,#87,#35,0,0,0,0.45,2.2,0.02,4.32,50.03,0.46,12.4,"$5,500 ",2.25
"Amari Cooper (WR, DAL)",WR,DAL,12.37,"$6,500 ",#24,#88,#36,0,0,0,0.16,0.79,0.01,4.8,54.01,0.34,12.37,"$6,500 ",1.9
"Mark Andrews (TE, BAL)",TE,BAL,12.38,"$5,300 ",#25,#89,#3,0,0,0,0,0,0,4.33,50.79,0.5,12.38,"$5,300 ",2.34
"Sam Darnold (QB, NYJ)",QB,NYJ,13.39,"$5,100 ",#23,#90,#32,207.62,1.07,0.84,2.5,10.8,0.12,0,0,0,13.39,"$5,100 ",2.63
"Jamison Crowder (WR, NYJ)",WR,NYJ,12.02,"$5,400 ",#23,#91,#37,0,0,0,0,0,0,5.05,53.56,0.27,12.02,"$5,400 ",2.23
"J.D. McKissic (RB, WSH)",RB,WSH,12.05,"$4,900 ",#11,#92,#20,0,0,0,8.03,32.96,0.22,4.01,26,0.15,12.05,"$4,900 ",2.46
"Nyheim Hines (RB, IND)",RB,IND,11.98,"$5,200 ",#31,#92,#20,0,0,0,7.5,29.88,0.31,3.39,27.3,0.17,11.98,"$5,200 ",2.3
"Melvin Gordon (RB, DEN)",RB,DEN,12.06,"$5,200 ",#21,#94,#22,0,0,0,13.51,59.88,0.47,1.74,12.43,0.07,12.06,"$5,200 ",2.32
"Jonathan Taylor (RB, IND)",RB,IND,11.89,"$5,800 ",#31,#95,#23,0,0,0,11.87,48.66,0.47,1.99,16.29,0.1,11.89,"$5,800 ",2.05
"Todd Gurley (RB, ATL)",RB,ATL,11.92,"$4,800 ",#14,#96,#24,0,0,0,12.78,55.73,0.63,1.33,9.32,0.06,11.92,"$4,800 ",2.48
"T.J. Hockenson (TE, DET)",TE,DET,11.81,"$5,000 ",#17,#97,#4,0,0,0,0,0,0,4.3,52.81,0.37,11.81,"$5,000 ",2.36
"T.Y. Hilton (WR, IND)",WR,IND,11.79,"$5,100 ",#31,#98,#38,0,0,0,0,0,0,4.17,55.14,0.35,11.79,"$5,100 ",2.31
"Jakobi Meyers (WR, NE)",WR,NE),11.75,"$4,800 ",#1,#99,#39,0,0,0,0,0,0,4.83,54.92,0.24,11.75,"$4,800 ",2.45
"Clyde Edwards-Helaire (RB, KC)",RB,KC),11.69,"$5,900 ",#7,#100,#25,0,0,0,11.15,47.02,0.34,2.37,17.85,0.13,11.69,"$5,900 ",1.98
"Evan Engram (TE, NYG)",TE,NYG,11.58,"$4,300 ",#20,#101,#5,0,0,0,0.08,0.47,0,4.54,47.02,0.38,11.58,"$4,300 ",2.69
"Miles Sanders (RB, PHI)",RB,PHI,11.57,"$6,200 ",#5,#102,#26,0,0,0,12.2,54.5,0.31,2.13,18.02,0.07,11.57,"$6,200 ",1.87
"Nelson Agholor (WR, LV)",WR,LV),11.45,"$4,700 ",#10,#103,#40,0,0,0,0,0,0,3.93,53.74,0.36,11.45,"$4,700 ",2.44
"Sterling Shepard (WR, NYG)",WR,NYG,11.28,"$5,200 ",#20,#104,#41,0,0,0,0.22,1.11,0.01,4.62,46.91,0.3,11.28,"$5,200 ",2.17
"CeeDee Lamb (WR, DAL)",WR,DAL,11.26,"$4,800 ",#24,#105,#42,0,0,0,0.3,1.52,0.01,4.28,48.72,0.32,11.26,"$4,800 ",2.35
"Kareem Hunt (RB, CLE)",RB,CLE,11.18,"$5,000 ",#2,#106,#27,0,0,0,9.42,42.56,0.24,2.56,21.61,0.13,11.18,"$5,000 ",2.24
"Chase Claypool (WR, PIT)",WR,PIT,11.11,"$6,500 ",#22,#107,#43,0,0,0,0.22,1.23,0.01,3.89,53.73,0.28,11.11,"$6,500 ",1.71
"D'Andre Swift (RB, DET)",RB,DET,11.12,"$6,500 ",#17,#108,#28,0,0,0,8.95,40.81,0.35,2.31,19.49,0.12,11.12,"$6,500 ",1.71
"Jerry Jeudy (WR, DEN)",WR,DEN,11.09,"$4,700 ",#21,#109,#44,0,0,0,0,0,0,4.16,53.32,0.27,11.09,"$4,700 ",2.36
"Danny Amendola (WR, DET)",WR,DET,10.83,"$4,000 ",#17,#110,#45,0,0,0,0,0,0,4.12,52.8,0.24,10.83,"$4,000 ",2.71
"Marquise Brown (WR, BAL)",WR,BAL,10.76,"$5,400 ",#25,#111,#46,0,0,0,0.01,0.05,0,3.82,48.92,0.34,10.76,"$5,400 ",1.99
"Breshad Perriman (WR, NYJ)",WR,NYJ,10.7,"$3,900 ",#23,#112,#47,0,0,0,0,0,0,3.86,53.25,0.25,10.7,"$3,900 ",2.74
"Gabriel Davis (WR, BUF)",WR,BUF,10.68,"$4,300 ",#3,#113,#48,0,0,0,0,0,0,3.69,50.77,0.32,10.68,"$4,300 ",2.48
"Michael Pittman Jr. (WR, IND)",WR,IND,10.66,"$5,000 ",#31,#114,#49,0,0,0,0,0,0,3.8,49.38,0.32,10.66,"$5,000 ",2.13
"Mike Williams (WR, LAC)",WR,LAC,10.63,"$4,700 ",#16,#115,#50,0,0,0,0.09,0.48,0,3.23,55.4,0.3,10.63,"$4,700 ",2.26
"Damiere Byrd (WR, NE)",WR,NE),10.65,"$3,600 ",#1,#116,#51,0,0,0,0,0,0,4.4,48.97,0.23,10.65,"$3,600 ",2.96
"Allen Lazard (WR, GB)",WR,GB),10.09,"$5,000 ",#32,#117,#52,0,0,0,0.08,0.43,0,3.49,47.01,0.31,10.09,"$5,000 ",2.02
"Rob Gronkowski (TE, TB)",TE,TB),10.08,"$4,800 ",#15,#118,#6,0,0,0,0,0,0,3.33,41.78,0.43,10.08,"$4,800 ",2.1
"Cam Akers (RB, LA)",RB,LA),10.08,"$5,100 ",#12,#119,#29,0,0,0,13.59,60.5,0.49,0.57,4.34,0.02,10.08,"$5,100 ",1.98
"Noah Fant (TE, DEN)",TE,DEN,9.94,"$4,100 ",#21,#120,#7,0,0,0,0,0,0,3.84,45.35,0.26,9.94,"$4,100 ",2.42
"Michael Gallup (WR, DAL)",WR,DAL,9.88,"$3,800 ",#24,#121,#53,0,0,0,0,0,0,3.49,47.57,0.27,9.88,"$3,800 ",2.6
"Jamaal Williams (RB, GB)",RB,GB),9.83,"$6,000 ",#32,#122,#30,0,0,0,9.3,37.61,0.28,2,15.85,0.13,9.83,"$6,000 ",1.64
"Christian Kirk (WR, ARI)",WR,ARI,9.79,"$4,700 ",#13,#123,#54,0,0,0,0,0,0,3.64,44.71,0.28,9.79,"$4,700 ",2.08
"Russell Gage (WR, ATL)",WR,ATL,9.77,"$4,500 ",#14,#124,#55,0,0,0,0,0,0,3.98,42.89,0.25,9.77,"$4,500 ",2.17
"Dallas Goedert (TE, PHI)",TE,PHI,9.78,"$4,000 ",#5,#124,#8,0,0,0,0,0,0,4.05,43.63,0.23,9.78,"$4,000 ",2.45
"Leonard Fournette (RB, TB)",RB,TB),9.73,"$4,500 ",#15,#126,#31,0,0,0,7.57,30.45,0.28,2.66,16.21,0.12,9.73,"$4,500 ",2.16
"Eric Ebron (TE, PIT)",TE,PIT,9.75,"$4,600 ",#22,#127,#9,0,0,0,0,0,0,3.68,42.79,0.3,9.75,"$4,600 ",2.12
"Chase Edmonds (RB, ARI)",RB,ARI,9.77,"$4,600 ",#13,#127,#32,0,0,0,5.8,24.14,0.17,3.1,24.87,0.13,9.77,"$4,600 ",2.12
"J.K. Dobbins (RB, BAL)",RB,BAL,9.59,"$5,800 ",#25,#129,#33,0,0,0,10.24,43.6,0.3,1.72,12.43,0.08,9.59,"$5,800 ",1.65
"Hunter Renfrow (WR, LV)",WR,LV),9.52,"$4,000 ",#10,#130,#56,0,0,0,0,0,0,3.35,44.99,0.28,9.52,"$4,000 ",2.38
"Mike Gesicki (TE, MIA)",TE,MIA,9.49,"$4,500 ",#19,#131,#10,0,0,0,0,0,0,3.66,41.59,0.28,9.49,"$4,500 ",2.11
"Hunter Henry (TE, LAC)",TE,LAC,9.43,"$4,400 ",#16,#132,#11,0,0,0,0,0,0,3.56,38.31,0.34,9.43,"$4,400 ",2.14
"Hayden Hurst (TE, ATL)",TE,ATL,9.37,"$3,700 ",#14,#133,#12,0,0,0,0,0,0,3.61,40.08,0.29,9.37,"$3,700 ",2.53
"Zach Ertz (TE, PHI)",TE,PHI,9.34,"$3,700 ",#5,#134,#13,0,0,0,0,0,0,4.14,40.71,0.19,9.34,"$3,700 ",2.52
"Logan Thomas (TE, WSH)",TE,WSH,9.16,"$3,300 ",#11,#135,#14,0,0,0,0.68,3.38,0.03,3.74,32.73,0.27,9.16,"$3,300 ",2.78
"Anthony Miller (WR, CHI)",WR,CHI,9.2,"$3,900 ",#29,#135,#57,0,0,0,0.26,1.25,0.01,3.5,40.43,0.25,9.2,"$3,900 ",2.36
"Tim Patrick (WR, DEN)",WR,DEN,9.16,"$4,200 ",#21,#137,#58,0,0,0,0,0,0,3.43,44.77,0.21,9.16,"$4,200 ",2.18
"Phillip Lindsay (RB, DEN)",RB,DEN,9.11,"$4,300 ",#21,#138,#34,0,0,0,10.4,48.75,0.3,1.3,8.13,0.05,9.11,"$4,300 ",2.12
"Peyton Barber (RB, WSH)",RB,WSH,9.13,"$4,400 ",#11,#139,#35,0,0,0,14.03,51.39,0.39,0.89,5.4,0.04,9.13,"$4,400 ",2.08
"Robert Tonyan (TE, GB)",TE,GB),9.03,"$4,200 ",#32,#140,#15,0,0,0,0,0,0,3.25,36.71,0.35,9.03,"$4,200 ",2.15
"Rashard Higgins (WR, CLE)",WR,CLE,9.01,"$4,300 ",#2,#141,#59,0,0,0,0,0,0,3.31,42.84,0.24,9.01,"$4,300 ",2.1
"Sammy Watkins (WR, KC)",WR,KC),8.99,"$4,900 ",#7,#142,#60,0,0,0,0.01,0.04,0,3.09,38.67,0.34,8.99,"$4,900 ",1.83
"Darnell Mooney (WR, CHI)",WR,CHI,8.97,"$3,500 ",#29,#143,#61,0,0,0,0,0,0,3.49,40.51,0.24,8.97,"$3,500 ",2.56
"Larry Fitzgerald (WR, ARI)",WR,ARI,8.89,"$3,500 ",#13,#144,#62,0,0,0,0,0,0,3.67,37.67,0.24,8.89,"$3,500 ",2.54
"Devontae Booker (RB, LV)",RB,LV),8.96,"$5,300 ",#10,#145,#36,0,0,0,8.52,34.5,0.27,1.92,15.38,0.09,8.96,"$5,300 ",1.69
"Austin Hooper (TE, CLE)",TE,CLE,8.68,"$3,400 ",#2,#146,#16,0,0,0,0,0,0,3.55,36.05,0.25,8.68,"$3,400 ",2.55
"Jordan Reed (TE, SF)",TE,SF),8.68,"$3,500 ",#6,#147,#17,0,0,0,0,0,0,3.59,35.53,0.26,8.68,"$3,500 ",2.48
"Devin Singletary (RB, BUF)",RB,BUF,8.66,"$4,300 ",#3,#148,#37,0,0,0,7.87,33.33,0.21,2.09,14.56,0.1,8.66,"$4,300 ",2.01
"Damien Harris (RB, NE)",RB,NE),8.62,"$5,300 ",#1,#149,#38,0,0,0,12.38,55.7,0.36,0.47,3.43,0.02,8.62,"$5,300 ",1.63
"Frank Gore (RB, NYJ)",RB,NYJ,8.49,"$4,000 ",#23,#150,#39,0,0,0,13.41,52.9,0.25,0.87,6.42,0.03,8.49,"$4,000 ",2.12
"Zack Moss (RB, BUF)",RB,BUF,8.45,"$5,000 ",#3,#151,#40,0,0,0,9.47,38.14,0.3,1.42,9.95,0.07,8.45,"$5,000 ",1.69
"Josh Reynolds (WR, LA)",WR,LA),8.46,"$3,800 ",#12,#151,#63,0,0,0,0,0,0,3.04,41.74,0.21,8.46,"$3,800 ",2.23
"Jonnu Smith (TE, TEN)",TE,TEN,8.43,"$3,900 ",#26,#153,#18,0,0,0,0,0,0,3.07,34.43,0.32,8.43,"$3,900 ",2.16
"Dalton Schultz (TE, DAL)",TE,DAL,8.37,"$3,500 ",#24,#154,#19,0,0,0,0,0,0,3.43,33.22,0.27,8.37,"$3,500 ",2.39
"Willie Snead (WR, BAL)",WR,BAL,8.31,"$4,300 ",#25,#155,#64,0,0,0,0,0,0,3.2,36.94,0.24,8.31,"$4,300 ",1.93
"Irv Smith Jr. (TE, MIN)",TE,MIN,8.23,"$3,100 ",#4,#156,#20,0,0,0,0,0,0,3.23,32.09,0.3,8.23,"$3,100 ",2.65
"Darius Slayton (WR, NYG)",WR,NYG,8.12,"$4,200 ",#20,#157,#65,0,0,0,0.06,0.29,0,2.8,39.7,0.22,8.12,"$4,200 ",1.93
"Jordan Akins (TE, HOU)",TE,HOU,8.1,"$2,900 ",#9,#158,#21,0,0,0,0,0,0,2.93,35.97,0.26,8.1,"$2,900 ",2.79
"Ty Johnson (RB, NYJ)",RB,NYJ,8.02,"$4,700 ",#23,#159,#41,0,0,0,8.33,34.53,0.24,1.76,10.61,0.06,8.02,"$4,700 ",1.71
"Josh Jacobs (RB, LV)",RB,LV),7.85,"$6,300 ",#10,#160,#42,0,0,0,8.52,36.83,0.32,1.09,8.13,0.06,7.85,"$6,300 ",1.25
"Latavius Murray (RB, NO)",RB,NO),7.82,"$5,400 ",#18,#161,#43,0,0,0,9.38,38.33,0.35,1.01,7.07,0.03,7.82,"$5,400 ",1.45
"Golden Tate (WR, NYG)",WR,NYG,7.73,"$3,600 ",#20,#162,#66,0,0,0,0,0,0,3.04,35.58,0.19,7.73,"$3,600 ",2.15
"Henry Ruggs (WR, LV)",WR,LV),7.72,"$4,600 ",#10,#163,#67,0,0,0,0.53,2.83,0.03,2.44,35.64,0.21,7.72,"$4,600 ",1.68
"Tyler Eifert (TE, JAC)",TE,JAC,7.69,"$3,100 ",#30,#163,#22,0,0,0,0,0,0,3.08,29.12,0.28,7.69,"$3,100 ",2.48
"Zach Pascal (WR, IND)",WR,IND,7.67,"$3,300 ",#31,#165,#68,0,0,0,0,0,0,2.66,35.63,0.24,7.67,"$3,300 ",2.32
"Le'Veon Bell (RB, KC)",RB,KC),7.53,"$4,400 ",#7,#166,#44,0,0,0,8.07,32.52,0.22,1.47,10.98,0.07,7.53,"$4,400 ",1.71
"Jeff Wilson (RB, SF)",RB,SF),7.59,"$4,000 ",#6,#167,#45,0,0,0,7.06,29.5,0.2,1.66,13.44,0.09,7.59,"$4,000 ",1.9
"Keelan Cole (WR, JAC)",WR,JAC,7.51,N/A,#30,#168,#69,0,0,0,0,0.02,0,2.97,34.2,0.19,7.51,N/A,N/A
"Cam Sims (WR, WSH)",WR,WSH,7.48,"$3,100 ",#11,#169,#70,0,0,0,0,0,0,2.87,35.32,0.18,7.48,"$3,100 ",2.41
"A.J. Green (WR, CIN)",WR,CIN,7.37,"$3,000 ",#27,#170,#71,0,0,0,0,0,0,2.52,34.82,0.23,7.37,"$3,000 ",2.46
"Trey Burton (TE, IND)",TE,IND,7.3,"$3,100 ",#31,#171,#23,0,0,0,0,0,0,2.71,27.77,0.3,7.3,"$3,100 ",2.35
"Jacob Hollister (TE, SEA)",TE,SEA,7.28,"$3,100 ",#28,#172,#24,0,0,0,0,0,0,2.65,25.82,0.34,7.28,"$3,100 ",2.35
"Emmanuel Sanders (WR, NO)",WR,NO),7.27,"$4,300 ",#18,#173,#72,0,0,0,0,0,0,2.78,33.99,0.18,7.27,"$4,300 ",1.69
"Jalen Reagor (WR, PHI)",WR,PHI,7.3,"$4,400 ",#5,#173,#72,0,0,0,0.55,2.97,0.02,2.63,34.95,0.13,7.3,"$4,400 ",1.66
"K.J. Hamler (WR, DEN)",WR,DEN,7.3,"$3,000 ",#21,#175,#74,0,0,0,1.01,5.28,0.04,2.6,30.01,0.16,7.3,"$3,000 ",2.43
"James White (RB, NE)",RB,NE),7.28,"$4,600 ",#1,#175,#46,0,0,0,2.07,8.4,0.06,3.02,22.85,0.13,7.28,"$4,600 ",1.58
"Drew Sample (TE, CIN)",TE,CIN,7.23,"$3,000 ",#27,#177,#25,0,0,0,0,0,0,2.92,29.35,0.23,7.23,"$3,000 ",2.41
"Laviska Shenault (WR, JAC)",WR,JAC,7.21,"$4,100 ",#30,#178,#75,0,0,0,1.14,5.92,0.05,2.59,28.3,0.15,7.21,"$4,100 ",1.76
"Tyler Higbee (TE, LA)",TE,LA),7.06,"$3,500 ",#12,#179,#26,0,0,0,0,0,0,2.77,30.15,0.21,7.06,"$3,500 ",2.02
"Jakeem Grant (WR, MIA)",WR,MIA,7.12,"$3,400 ",#19,#180,#76,0,0,0,0.02,0.08,0,2.83,31.4,0.2,7.12,"$3,400 ",2.09
"Marquez Valdes-Scantling (WR, GB)",WR,GB),7.03,"$3,900 ",#32,#181,#77,0,0,0,0.25,1.3,0.01,2.14,34.58,0.21,7.03,"$3,900 ",1.8
"Brandon Powell (WR, ATL)",WR,ATL,6.99,"$3,000 ",#14,#182,#78,0,0,0,0,0,0,2.76,32.42,0.17,6.99,"$3,000 ",2.33
"Gerald Everett (TE, LA)",TE,LA),6.61,"$3,300 ",#12,#183,#27,0,0,0,0,0,0,2.67,27.4,0.2,6.61,"$3,300 ",2
"N'Keal Harry (WR, NE)",WR,NE),6.55,"$3,100 ",#1,#184,#79,0,0,0,0,0,0,2.77,28.22,0.16,6.55,"$3,100 ",2.11
"Chad Hansen (WR, HOU)",WR,HOU,6.52,"$3,900 ",#9,#185,#80,0,0,0,0,0,0,2.28,32.39,0.17,6.52,"$3,900 ",1.67
"Darrell Henderson (RB, LA)",RB,LA),6.49,"$4,900 ",#12,#186,#47,0,0,0,6.31,26.09,0.2,1.36,10.35,0.05,6.49,"$4,900 ",1.32
"Ito Smith (RB, ATL)",RB,ATL,6.22,"$4,400 ",#14,#187,#48,0,0,0,7.2,29.68,0.21,1.09,6.89,0.04,6.22,"$4,400 ",1.41
"Dez Bryant (WR, BAL)",WR,BAL,6.16,"$3,000 ",#25,#188,#81,0,0,0,0.06,0.34,0,2.17,26.26,0.22,6.16,"$3,000 ",2.05
"Justin Jackson (RB, LAC)",RB,LAC,6.11,"$4,000 ",#16,#189,#49,0,0,0,7.57,31.48,0.2,0.89,6.39,0.04,6.11,"$4,000 ",1.53
"Chris Conley (WR, JAC)",WR,JAC,6.1,"$3,000 ",#30,#190,#82,0,0,0,0,0,0,2.34,28.71,0.15,6.1,"$3,000 ",2.03
"Quintez Cephus (WR, DET)",WR,DET,6.06,"$3,200 ",#17,#191,#83,0,0,0,0,0,0,2.25,28.87,0.16,6.06,"$3,200 ",1.89
"Cordarrelle Patterson (RB, CHI)",RB,CHI,6.08,"$3,600 ",#29,#192,#50,0,0,0,5.45,24.94,0.18,1.16,10.66,0.06,6.08,"$3,600 ",1.69
"Patrick Laird (RB, MIA)",RB,MIA,5.95,"$4,000 ",#19,#193,#51,0,0,0,6.36,26.4,0.17,1.14,8.33,0.06,5.95,"$4,000 ",1.49
"Carlos Hyde (RB, SEA)",RB,SEA,5.96,"$5,100 ",#28,#194,#52,0,0,0,6.19,24.73,0.21,1.2,6.71,0.07,5.96,"$5,100 ",1.17
"Tony Pollard (RB, DAL)",RB,DAL,5.9,"$5,300 ",#24,#195,#53,0,0,0,6,26.11,0.18,1.16,7.7,0.05,5.9,"$5,300 ",1.11
"Tre'Quan Smith (WR, NO)",WR,NO),5.84,"$3,300 ",#18,#196,#84,0,0,0,0.43,2.52,0.03,1.98,25.43,0.15,5.84,"$3,300 ",1.77
"Demarcus Robinson (WR, KC)",WR,KC),5.81,"$3,800 ",#7,#197,#85,0,0,0,0,0,0,2.05,25.71,0.2,5.81,"$3,800 ",1.53
"Travis Fulgham (WR, PHI)",WR,PHI,5.8,"$4,900 ",#5,#198,#86,0,0,0,0,0,0,2.17,29.59,0.11,5.8,"$4,900 ",1.18
"Jared Cook (TE, NO)",TE,NO),5.78,"$3,800 ",#18,#199,#28,0,0,0,0,0,0,2.12,28.31,0.14,5.78,"$3,800 ",1.52
"Braxton Berrios (WR, NYJ)",WR,NYJ,5.77,"$3,000 ",#23,#200,#87,0,0,0,0.02,0.09,0,2.39,26.06,0.13,5.77,"$3,000 ",1.92
"Mo Alie-Cox (TE, IND)",TE,IND,5.76,"$2,500 ",#31,#201,#29,0,0,0,0,0,0,2.02,24.43,0.22,5.76,"$2,500 ",2.3
"Adrian Peterson (RB, DET)",RB,DET,5.74,"$5,000 ",#17,#202,#54,0,0,0,7.82,31.91,0.23,0.57,4.73,0.03,5.74,"$5,000 ",1.15
"David Moore (WR, SEA)",WR,SEA,5.68,"$3,400 ",#28,#203,#88,0,0,0,0,0,0,1.84,26.14,0.21,5.68,"$3,400 ",1.67
"C.J. Prosise (RB, HOU)",RB,HOU,5.7,"$4,000 ",#9,#204,#55,0,0,0,6.27,25.59,0.16,1.04,8.96,0.05,5.7,"$4,000 ",1.43
"Steven Sims (WR, WSH)",WR,WSH,5.59,"$3,300 ",#11,#205,#89,0,0,0,0.43,2.25,0.02,2.21,22.37,0.14,5.59,"$3,300 ",1.69
"Samaje Perine (RB, CIN)",RB,CIN,5.51,"$4,000 ",#27,#206,#56,0,0,0,6.6,26.69,0.13,1.03,7.5,0.05,5.51,"$4,000 ",1.38
"Donovan Peoples-Jones (WR, CLE)",WR,CLE,5.5,"$3,400 ",#2,#207,#90,0,0,0,0,0,0,2.05,25.65,0.15,5.5,"$3,400 ",1.62
"Kendrick Bourne (WR, SF)",WR,SF),5.46,"$3,700 ",#6,#208,#91,0,0,0,0,0,0,2.04,25.33,0.15,5.46,"$3,700 ",1.48
"James Washington (WR, PIT)",WR,PIT,5.38,"$3,400 ",#22,#209,#92,0,0,0,0,0,0,1.82,27.85,0.13,5.38,"$3,400 ",1.58
"Mohamed Sanu (WR, DET)",WR,DET,5.38,"$3,000 ",#17,#209,#92,0,0,0,0,0,0,2.15,23.38,0.15,5.38,"$3,000 ",1.79
"Christian Blake (WR, ATL)",WR,ATL,5.31,"$3,000 ",#14,#211,#94,0,0,0,0,0,0,2.09,24.67,0.13,5.31,"$3,000 ",1.77
"Darren Fells (TE, HOU)",TE,HOU,5.23,"$2,500 ",#9,#212,#30,0,0,0,0,0,0,1.84,21.96,0.2,5.23,"$2,500 ",2.09
"Mecole Hardman (WR, KC)",WR,KC),5.23,"$3,200 ",#7,#213,#95,0,0,0,0,0,0,1.67,25.55,0.17,5.23,"$3,200 ",1.63
"Cameron Batson (WR, TEN)",WR,TEN,5.22,"$3,000 ",#26,#214,#96,0,0,0,0.53,2.92,0.03,1.93,20.89,0.13,5.22,"$3,000 ",1.74
"Gus Edwards (RB, BAL)",RB,BAL,5.22,"$4,300 ",#25,#215,#57,0,0,0,7.1,32.18,0.19,0.46,3.5,0.02,5.22,"$4,300 ",1.21
"Collin Johnson (WR, JAC)",WR,JAC,5.13,"$3,600 ",#30,#216,#97,0,0,0,0,0,0,2.01,23.46,0.13,5.13,"$3,600 ",1.43
"Trenton Cannon (RB, CAR)",RB,CAR,5.09,"$4,000 ",#8,#217,#58,0,0,0,2.29,9.38,0.07,1.8,14.15,0.09,5.09,"$4,000 ",1.27
"Isaiah Wright (WR, WSH)",WR,WSH,5.02,"$3,000 ",#11,#218,#98,0,0,0,0.45,2.37,0.02,2,19.88,0.12,5.02,"$3,000 ",1.67
"Jalen Guyton (WR, LAC)",WR,LAC,4.96,"$3,200 ",#16,#219,#99,0,0,0,0,0.01,0,1.72,24.13,0.14,4.96,"$3,200 ",1.55
"Will Dissly (TE, SEA)",TE,SEA,4.95,"$2,900 ",#28,#220,#31,0,0,0,0,0,0,1.67,19.12,0.23,4.95,"$2,900 ",1.71
"Jimmy Graham (TE, CHI)",TE,CHI,4.92,"$3,000 ",#29,#221,#32,0,0,0,0,0,0,1.92,19.94,0.17,4.92,"$3,000 ",1.64
"Mack Hollins (WR, MIA)",WR,MIA,4.86,"$3,000 ",#19,#222,#100,0,0,0,0,0,0,1.88,22.11,0.13,4.86,"$3,000 ",1.62
"Cole Kmet (TE, CHI)",TE,CHI,4.85,"$2,900 ",#29,#223,#33,0,0,0,0,0,0,1.88,20.18,0.16,4.85,"$2,900 ",1.67
"Jalen Richard (RB, LV)",RB,LV),4.93,"$4,000 ",#10,#224,#59,0,0,0,5.33,23.22,0.14,0.85,7.19,0.05,4.93,"$4,000 ",1.23
"Isaiah McKenzie (WR, BUF)",WR,BUF,4.9,"$3,000 ",#3,#224,#101,0,0,0,0.63,3.29,0.03,1.76,19.19,0.13,4.9,"$3,000 ",1.63
"Boston Scott (RB, PHI)",RB,PHI,4.84,"$4,900 ",#5,#226,#60,0,0,0,3.47,13.95,0.09,1.54,11.95,0.04,4.84,"$4,900 ",0.99
"Sony Michel (RB, NE)",RB,NE),4.79,"$4,300 ",#1,#226,#60,0,0,0,6.81,28.03,0.18,0.47,3.32,0.02,4.79,"$4,300 ",1.11
"Jordan Wilkins (RB, IND)",RB,IND,4.78,"$4,000 ",#31,#228,#62,0,0,0,5.84,24.9,0.22,0.5,3.75,0.02,4.78,"$4,000 ",1.2
"Alshon Jeffery (WR, PHI)",WR,PHI,4.73,"$3,000 ",#5,#229,#102,0,0,0,0,0,0,1.78,22.96,0.11,4.73,"$3,000 ",1.58
"Dawson Knox (TE, BUF)",TE,BUF,4.68,"$2,800 ",#3,#230,#34,0,0,0,0,0,0,1.72,19.04,0.18,4.68,"$2,800 ",1.67
"Andy Isabella (WR, ARI)",WR,ARI,4.67,"$3,000 ",#13,#231,#103,0,0,0,0,0,0,1.66,22.52,0.13,4.67,"$3,000 ",1.56
"Ian Thomas (TE, CAR)",TE,CAR,4.62,"$2,500 ",#8,#232,#35,0,0,0,0,0,0,1.81,19.24,0.15,4.62,"$2,500 ",1.85
"Jeff Smith (WR, NYJ)",WR,NYJ,4.57,"$3,000 ",#23,#233,#104,0,0,0,0,0,0,1.98,20.2,0.1,4.57,"$3,000 ",1.52
"David Njoku (TE, CLE)",TE,CLE,4.49,"$2,500 ",#2,#234,#36,0,0,0,0,0,0,1.68,18.57,0.16,4.49,"$2,500 ",1.8
"Brandon Zylstra (WR, CAR)",WR,CAR,4.48,"$3,000 ",#8,#235,#105,0,0,0,0,0,0,1.68,21.71,0.11,4.48,"$3,000 ",1.49
"Ryan Griffin (TE, NYJ)",TE,NYJ,4.45,"$2,500 ",#23,#236,#37,0,0,0,0,0,0,1.88,18.6,0.12,4.45,"$2,500 ",1.78
"Mark Ingram (RB, BAL)",RB,BAL,4.38,"$4,700 ",#25,#237,#63,0,0,0,4.38,21.51,0.18,0.55,4.41,0.03,4.38,"$4,700 ",0.93
"Alfred Morris (RB, NYG)",RB,NYG,4.37,"$4,000 ",#20,#238,#64,0,0,0,5.25,21.2,0.12,0.75,5.82,0.04,4.37,"$4,000 ",1.09
"Brian Hill (RB, ATL)",RB,ATL,4.3,"$4,200 ",#14,#239,#65,0,0,0,5.38,23.08,0.12,0.67,4.66,0.03,4.3,"$4,200 ",1.02
"Malcolm Brown (RB, LA)",RB,LA),4.25,"$4,000 ",#12,#240,#66,0,0,0,3.48,14.25,0.11,1.08,7.97,0.05,4.25,"$4,000 ",1.06
"Jack Doyle (TE, IND)",TE,IND,4.24,"$2,500 ",#31,#241,#38,0,0,0,0,0,0,1.61,16.93,0.16,4.24,"$2,500 ",1.7
"Greg Ward (WR, PHI)",WR,PHI,4.02,"$3,100 ",#5,#242,#106,0,0,0,0.03,0.16,0,1.72,18.26,0.08,4.02,"$3,100 ",1.3
"Alex Erickson (WR, CIN)",WR,CIN,4.07,"$3,000 ",#27,#243,#107,0,0,0,0.49,2.73,0.02,1.42,18.03,0.09,4.07,"$3,000 ",1.36
"Dan Arnold (TE, ARI)",TE,ARI,3.92,"$3,600 ",#13,#244,#39,0,0,0,0,0,0,1.41,17.52,0.13,3.92,"$3,600 ",1.09
"Dion Lewis (RB, NYG)",RB,NYG,3.79,"$4,000 ",#20,#245,#67,0,0,0,0.81,3.41,0.02,1.65,12.07,0.08,3.79,"$4,000 ",0.95
"Equanimeous St. Brown (WR, GB)",WR,GB),3.79,"$3,000 ",#32,#245,#108,0,0,0,0,0,0,1.35,17.94,0.11,3.79,"$3,000 ",1.26
"Kerryon Johnson (RB, DET)",RB,DET,3.79,"$4,200 ",#17,#247,#68,0,0,0,3.71,15.97,0.1,0.75,6.37,0.04,3.79,"$4,200 ",0.9
"Kalif Raymond (WR, TEN)",WR,TEN,3.72,"$3,000 ",#26,#248,#109,0,0,0,0.03,0.15,0,1.37,17.77,0.1,3.72,"$3,000 ",1.24
"Chad Beebe (WR, MIN)",WR,MIN,3.68,"$3,000 ",#4,#249,#110,0,0,0,0,0,0,1.41,17,0.1,3.68,"$3,000 ",1.23
"Nick Vannett (TE, DEN)",TE,DEN,3.58,"$2,500 ",#21,#250,#40,0,0,0,0,0,0,1.48,14.47,0.11,3.58,"$2,500 ",1.43
"James O'Shaughnessy (TE, JAC)",TE,JAC,3.56,"$2,500 ",#30,#251,#41,0,0,0,0,0,0,1.47,13.76,0.12,3.56,"$2,500 ",1.42
"Cedrick Wilson (WR, DAL)",WR,DAL,3.57,"$3,300 ",#24,#252,#111,0,0,0,0.4,2.01,0.02,1.32,14.16,0.09,3.57,"$3,300 ",1.08
"Chris Herndon (TE, NYJ)",TE,NYJ,3.38,"$2,500 ",#23,#253,#42,0,0,0,0,0,0,1.39,14.07,0.1,3.38,"$2,500 ",1.35
"Cameron Brate (TE, TB)",TE,TB),3.33,"$3,000 ",#15,#254,#43,0,0,0,0,0,0,1.33,11.74,0.14,3.33,"$3,000 ",1.11
"Ameer Abdullah (RB, MIN)",RB,MIN,3.29,"$4,000 ",#4,#255,#69,0,0,0,3.43,13.24,0.07,0.8,5.58,0.04,3.29,"$4,000 ",0.82
"Lynn Bowden Jr. (WR, MIA)",WR,MIA,3.19,"$3,000 ",#19,#256,#112,0,0,0,0.64,3.52,0.03,1.04,12.07,0.07,3.19,"$3,000 ",1.06
"Bryan Edwards (WR, LV)",WR,LV),3.17,"$3,000 ",#10,#257,#113,0,0,0,0,0,0,1.12,15.16,0.09,3.17,"$3,000 ",1.06
"Jamal Agnew (WR, DET)",WR,DET,3.2,"$3,000 ",#17,#258,#114,0,0,0,0.89,4.45,0.04,1,11.5,0.07,3.2,"$3,000 ",1.07
"Devin Duvernay (WR, BAL)",WR,BAL,3.15,"$3,000 ",#25,#258,#114,0,0,0,0.06,0.34,0,1.17,14.16,0.09,3.15,"$3,000 ",1.05
"Anthony Firkser (TE, TEN)",TE,TEN,3.11,"$3,600 ",#26,#260,#44,0,0,0,0,0,0,1.16,12.41,0.12,3.11,"$3,600 ",0.86
"Van Jefferson (WR, LA)",WR,LA),3.1,"$3,000 ",#12,#261,#116,0,0,0,0,0,0,1.18,15.1,0.07,3.1,"$3,000 ",1.03
"Adam Shaheen (TE, MIA)",TE,MIA,3,"$2,500 ",#19,#262,#45,0,0,0,0,0,0,1.18,11.72,0.11,3,"$2,500 ",1.2
"Benny Snell Jr. (RB, PIT)",RB,PIT,3.02,"$5,700 ",#22,#263,#70,0,0,0,4.16,16.77,0.11,0.37,2.9,0.01,3.02,"$5,700 ",0.53
"Jeremy McNichols (RB, TEN)",RB,TEN,2.97,"$4,000 ",#26,#264,#71,0,0,0,2.39,10.17,0.08,0.78,5.25,0.03,2.97,"$4,000 ",0.74
"Scotty Miller (WR, TB)",WR,TB),2.94,"$3,000 ",#15,#265,#117,0,0,0,0.07,0.34,0,1.05,13.29,0.09,2.94,"$3,000 ",0.98
"Freddie Swain (WR, SEA)",WR,SEA,2.91,"$3,000 ",#28,#266,#118,0,0,0,0,0,0,1.06,12.74,0.1,2.91,"$3,000 ",0.97
"Durham Smythe (TE, MIA)",TE,MIA,2.85,"$2,500 ",#19,#267,#46,0,0,0,0,0,0,1.15,11.06,0.1,2.85,"$2,500 ",1.14
"Jaeden Graham (TE, ATL)",TE,ATL,2.85,"$2,500 ",#14,#267,#46,0,0,0,0,0,0,1.09,11.68,0.1,2.85,"$2,500 ",1.14
"Rodney Smith (RB, CAR)",RB,CAR,2.8,"$4,000 ",#8,#269,#72,0,0,0,2.08,8.56,0.06,0.77,5.93,0.04,2.8,"$4,000 ",0.7
"Jordan Howard (RB, PHI)",RB,PHI,2.75,"$4,000 ",#5,#270,#73,0,0,0,3.94,15.75,0.12,0.24,1.78,0.01,2.75,"$4,000 ",0.69
"Kahale Warring (TE, HOU)",TE,HOU,2.73,"$2,500 ",#9,#271,#48,0,0,0,0,0,0,1.01,11.25,0.1,2.73,"$2,500 ",1.09
"Adam Trautman (TE, NO)",TE,NO),2.68,"$2,500 ",#18,#272,#49,0,0,0,0,0,0,1.07,10.83,0.09,2.68,"$2,500 ",1.07
"Kaden Smith (TE, NYG)",TE,NYG,2.64,"$2,500 ",#20,#273,#50,0,0,0,0,0,0,1.07,9.87,0.1,2.64,"$2,500 ",1.06
"Geoff Swaim (TE, TEN)",TE,TEN,2.52,"$2,500 ",#26,#274,#51,0,0,0,0,0,0,1,9.34,0.1,2.52,"$2,500 ",1.01
"Javon Wims (WR, CHI)",WR,CHI,2.53,"$3,000 ",#29,#274,#119,0,0,0,0,0,0,1.02,11.13,0.07,2.53,"$3,000 ",0.84
"Keith Kirkwood (WR, CAR)",WR,CAR,2.52,"$3,000 ",#8,#276,#120,0,0,0,0,0,0,0.94,12.38,0.06,2.52,"$3,000 ",0.84
"Gunner Olszewski (WR, NE)",WR,NE),2.53,"$3,200 ",#1,#276,#120,0,0,0,0.6,2.77,0.03,0.9,9.64,0.04,2.53,"$3,200 ",0.79
"Devin Asiasi (TE, NE)",TE,NE),2.46,"$2,500 ",#1,#278,#52,0,0,0,0,0,0,1.03,10.2,0.07,2.46,"$2,500 ",0.98
"Dare Ogunbowale (RB, JAC)",RB,JAC,2.34,"$4,000 ",#30,#279,#74,0,0,0,1.13,4.63,0.03,0.87,6.07,0.04,2.34,"$4,000 ",0.59
"Noah Brown (WR, DAL)",WR,DAL,2.34,"$3,000 ",#24,#279,#122,0,0,0,0,0,0,0.97,10.26,0.06,2.34,"$3,000 ",0.78
"Darrel Williams (RB, KC)",RB,KC),2.33,"$4,000 ",#7,#279,#74,0,0,0,1.35,5.61,0.04,0.69,5.44,0.05,2.33,"$4,000 ",0.58
"Kyle Juszczyk (RB, SF)",RB,SF),2.31,"$4,000 ",#6,#282,#76,0,0,0,0.97,4.06,0.03,0.74,7.59,0.04,2.31,"$4,000 ",0.58
"Kalen Ballage (RB, LAC)",RB,LAC,2.28,"$4,000 ",#16,#283,#77,0,0,0,2.76,10.92,0.07,0.4,2.59,0.02,2.28,"$4,000 ",0.57
"Stephen Anderson (TE, LAC)",TE,LAC,2.28,"$2,500 ",#16,#283,#53,0,0,0,0,0,0,0.84,9.06,0.09,2.28,"$2,500 ",0.91
"Anthony McFarland Jr. (RB, PIT)",RB,PIT,2.28,"$4,400 ",#22,#285,#78,0,0,0,2.69,11.19,0.06,0.39,3.09,0.02,2.28,"$4,400 ",0.52
"KeeSean Johnson (WR, ARI)",WR,ARI,2.27,"$3,000 ",#13,#286,#123,0,0,0,0,0,0,0.89,10.38,0.06,2.27,"$3,000 ",0.76
"Pharoh Cooper (WR, CAR)",WR,CAR,2.26,"$3,000 ",#8,#287,#124,0,0,0,0,0,0,0.9,10.23,0.06,2.26,"$3,000 ",0.75
"Richie James (WR, SF)",WR,SF),2.22,"$3,400 ",#6,#288,#125,0,0,0,0.11,0.56,0.01,0.75,10.69,0.05,2.22,"$3,400 ",0.65
"John Hightower (WR, PHI)",WR,PHI,2.2,"$3,000 ",#5,#289,#126,0,0,0,0,0,0,0.84,11.32,0.04,2.2,"$3,000 ",0.73
"Ray-Ray McCloud (WR, PIT)",WR,PIT,2.05,N/A,#22,#290,#127,0,0,0,0.2,1.15,0.01,0.78,8.87,0.04,2.05,N/A,N/A
"Ashton Dulin (WR, IND)",WR,IND,2.01,"$3,000 ",#31,#291,#128,0,0,0,0,0,0,0.74,9.2,0.06,2.01,"$3,000 ",0.67
"Ross Dwelley (TE, SF)",TE,SF),1.96,"$2,500 ",#6,#292,#54,0,0,0,0,0,0,0.77,7.84,0.07,1.96,"$2,500 ",0.78
"K.J. Hill (WR, LAC)",WR,LAC,1.93,"$3,000 ",#16,#293,#129,0,0,0,0,0,0,0.74,8.96,0.05,1.93,"$3,000 ",0.64
"Zay Jones (WR, LV)",WR,LV),1.86,"$3,000 ",#10,#294,#130,0,0,0,0,0,0,0.68,7.61,0.07,1.86,"$3,000 ",0.62
"Antonio Callaway (WR, MIA)",WR,MIA,1.74,"$3,000 ",#19,#295,#131,0,0,0,0,0,0,0.67,7.84,0.05,1.74,"$3,000 ",0.58
"Donald Parham Jr. (TE, LAC)",TE,LAC,1.7,"$2,500 ",#16,#296,#55,0,0,0,0,0,0,0.62,6.57,0.07,1.7,"$2,500 ",0.68
"Chris Manhertz (TE, CAR)",TE,CAR,1.65,"$2,500 ",#8,#297,#56,0,0,0,0,0,0,0.62,7.28,0.05,1.65,"$2,500 ",0.66
"C.J. Ham (RB, MIN)",RB,MIN,1.63,"$4,000 ",#4,#298,#79,0,0,0,0.32,1.25,0.01,0.7,5.12,0.04,1.63,"$4,000 ",0.41
"Tevin Coleman (RB, SF)",RB,SF),1.6,"$4,900 ",#6,#299,#80,0,0,0,1.32,5.64,0.04,0.35,3.25,0.02,1.6,"$4,900 ",0.33
"Theo Riddick (RB, LV)",RB,LV),1.59,"$4,000 ",#10,#300,#81,0,0,0,1.38,5.43,0.04,0.4,2.82,0.02,1.59,"$4,000 ",0.4
"Tyrie Cleveland (WR, DEN)",WR,DEN,1.46,"$3,000 ",#21,#301,#132,0,0,0,0,0,0,0.61,6.76,0.03,1.46,"$3,000 ",0.49
"Marcedes Lewis (TE, GB)",TE,GB),1.43,"$2,500 ",#32,#302,#57,0,0,0,0,0,0,0.51,5.64,0.06,1.43,"$2,500 ",0.57
"Mason Schreck (TE, CIN)",TE,CIN,1.42,"$2,500 ",#27,#303,#58,0,0,0,0,0,0,0.54,5.75,0.05,1.42,"$2,500 ",0.57
"Jason Witten (TE, LV)",TE,LV),1.4,"$2,500 ",#10,#304,#59,0,0,0,0,0,0,0.63,5.29,0.04,1.4,"$2,500 ",0.56
"Alex Armah (RB, CAR)",RB,CAR,1.36,"$4,000 ",#8,#305,#82,0,0,0,0.31,1.25,0.01,0.57,4.27,0.03,1.36,"$4,000 ",0.34
"Tyron Johnson (WR, LAC)",WR,LAC,1.37,"$3,000 ",#16,#305,#133,0,0,0,0,0,0,0.49,6.54,0.04,1.37,"$3,000 ",0.46
"DeeJay Dallas (RB, SEA)",RB,SEA,1.34,"$4,000 ",#28,#307,#83,0,0,0,0.6,2.41,0.02,0.47,3.24,0.03,1.34,"$4,000 ",0.34
"Malik Taylor (WR, GB)",WR,GB),1.32,"$3,000 ",#32,#308,#134,0,0,0,0,0,0,0.5,5.92,0.04,1.32,"$3,000 ",0.44
"Dalton Keene (TE, NE)",TE,NE),1.3,"$2,500 ",#1,#309,#60,0,0,0,0,0,0,0.53,5.27,0.04,1.3,"$2,500 ",0.52
"Elijhaa Penny (RB, NYG)",RB,NYG,1.29,"$4,000 ",#20,#310,#84,0,0,0,0.67,2.77,0.02,0.44,3.3,0.02,1.29,"$4,000 ",0.32
"Tyler Johnson (WR, TB)",WR,TB),1.3,"$3,000 ",#15,#310,#135,0,0,0,0,0,0,0.51,5.62,0.04,1.3,"$3,000 ",0.43
"Elijah McGuire (RB, MIA)",RB,MIA,1.3,N/A,#19,#310,#84,0,0,0,1.34,5.48,0.04,0.26,2.05,0.01,1.3,N/A,N/A
"Jesse James (TE, DET)",TE,DET,1.28,"$2,500 ",#17,#313,#61,0,0,0,0,0,0,0.48,5.62,0.04,1.28,"$2,500 ",0.51
"Tyler Conklin (TE, MIN)",TE,MIN,1.16,"$2,500 ",#4,#314,#62,0,0,0,0,0,0,0.46,4.6,0.04,1.16,"$2,500 ",0.46
"Malcolm Perry (RB, MIA)",RB,MIA,1.15,"$3,000 ",#19,#315,#86,0,0,0,0.18,0.77,0.01,0.49,3.47,0.03,1.15,"$3,000 ",0.38
"Joshua Kelley (RB, LAC)",RB,LAC,1.16,"$4,000 ",#16,#315,#86,0,0,0,0.93,3.71,0.02,0.33,2.3,0.02,1.16,"$4,000 ",0.29
"D'Ernest Johnson (RB, CLE)",RB,CLE,1.15,"$4,000 ",#2,#317,#88,0,0,0,0.63,2.64,0.01,0.42,2.98,0.02,1.15,"$4,000 ",0.29
"C.J. Board (WR, NYG)",WR,NYG,1.13,"$3,000 ",#20,#318,#136,0,0,0,0,0,0,0.45,5.09,0.03,1.13,"$3,000 ",0.38
"James Proche (WR, BAL)",WR,BAL,1.11,"$3,000 ",#25,#319,#137,0,0,0,0,0,0,0.44,5.02,0.03,1.11,"$3,000 ",0.37
"Josh Adams (RB, NYJ)",RB,NYJ,1.11,"$4,100 ",#23,#319,#89,0,0,0,0.98,4.07,0.03,0.28,1.9,0.01,1.11,"$4,100 ",0.27
"Jakob Johnson (RB, NE)",RB,NE),1.07,"$4,000 ",#1,#321,#90,0,0,0,0.06,0.25,0,0.56,3.63,0.02,1.07,"$4,000 ",0.27
"Travis Homer (RB, SEA)",RB,SEA,1.03,"$4,000 ",#28,#322,#91,0,0,0,0.32,1.31,0.01,0.39,2.7,0.03,1.03,"$4,000 ",0.26
"Nick Keizer (TE, KC)",TE,KC),1.03,"$2,500 ",#7,#322,#63,0,0,0,0,0,0,0.39,4,0.04,1.03,"$2,500 ",0.41
"Dontrelle Inman (WR, WSH)",WR,WSH,1.02,"$3,500 ",#11,#324,#138,0,0,0,0,0,0,0.4,4.41,0.03,1.02,"$3,500 ",0.29
"Derek Watt (RB, PIT)",RB,PIT,0.99,"$4,000 ",#22,#325,#92,0,0,0,0.33,1.38,0.01,0.36,3.07,0.02,0.99,"$4,000 ",0.25
"Trayveon Williams (RB, CIN)",RB,CIN,0.99,"$4,000 ",#27,#326,#93,0,0,0,0.78,3.26,0.02,0.28,2.11,0.01,0.99,"$4,000 ",0.25
"Alec Ingold (RB, LV)",RB,LV),0.97,"$4,000 ",#10,#327,#94,0,0,0,0.05,0.19,0,0.44,3.32,0.03,0.97,"$4,000 ",0.24
"Jacoby Brissett (QB, IND)",QB,IND,0.95,"$4,100 ",#31,#328,#33,0,0,0,1.09,4.51,0.09,0,0,0,0.95,"$4,100 ",0.23
"Vance McDonald (TE, PIT)",TE,PIT,0.89,"$2,800 ",#22,#329,#64,0,0,0,0,0,0,0.36,3.64,0.03,0.89,"$2,800 ",0.32
"Nick Bellore (RB, SEA)",RB,SEA,0.81,"$4,000 ",#28,#330,#95,0,0,0,0.29,1.19,0.01,0.3,2.13,0.02,0.81,"$4,000 ",0.2
"Deon Yelder (TE, KC)",TE,KC),0.81,"$2,500 ",#7,#330,#65,0,0,0,0,0,0,0.31,3.18,0.03,0.81,"$2,500 ",0.32
"Royce Freeman (RB, DEN)",RB,DEN,0.8,"$4,000 ",#21,#332,#96,0,0,0,0.43,1.8,0.01,0.31,1.92,0.01,0.8,"$4,000 ",0.2
"Anthony Sherman (RB, KC)",RB,KC),0.8,"$4,000 ",#7,#332,#96,0,0,0,0.24,1,0.01,0.29,2.32,0.02,0.8,"$4,000 ",0.2
"Pharaoh Brown (TE, HOU)",TE,HOU,0.79,"$2,500 ",#9,#334,#66,0,0,0,0,0,0,0.29,3.18,0.03,0.79,"$2,500 ",0.32
"Jerick McKinnon (RB, SF)",RB,SF),0.78,"$4,400 ",#6,#335,#98,0,0,0,0.56,2.31,0.01,0.24,1.91,0.01,0.78,"$4,400 ",0.18
"Keith Smith (RB, ATL)",RB,ATL,0.75,"$4,000 ",#14,#336,#99,0,0,0,0.13,0.52,0,0.35,2.26,0.02,0.75,"$4,000 ",0.19
"Michael Burton (RB, NO)",RB,NO),0.74,"$4,000 ",#18,#337,#100,0,0,0,0.31,1.26,0.01,0.29,2.03,0.01,0.74,"$4,000 ",0.19
"Harrison Bryant (TE, CLE)",TE,CLE,0.74,"$2,500 ",#2,#337,#67,0,0,0,0,0,0,0.28,2.81,0.03,0.74,"$2,500 ",0.3
"Patrick Ricard (RB, BAL)",RB,BAL,0.72,N/A,#25,#339,#101,0,0,0,0.02,0.07,0,0.35,2.47,0.02,0.72,N/A,N/A
"Lee Smith (TE, BUF)",TE,BUF,0.72,"$2,500 ",#3,#339,#68,0,0,0,0,0,0,0.29,2.49,0.03,0.72,"$2,500 ",0.29
"Luke Willson (TE, BAL)",TE,BAL,0.72,"$3,000 ",#25,#339,#68,0,0,0,0,0,0,0.26,2.76,0.03,0.72,"$3,000 ",0.24
"DaeSean Hamilton (WR, DEN)",WR,DEN,0.71,"$3,000 ",#21,#342,#139,0,0,0,0,0,0,0.29,3.01,0.02,0.71,"$3,000 ",0.24
"MyCole Pruitt (TE, TEN)",TE,TEN,0.67,"$2,500 ",#26,#343,#70,0,0,0,0,0,0,0.24,2.45,0.03,0.67,"$2,500 ",0.27
"Andy Janovich (RB, CLE)",RB,CLE,0.66,"$4,000 ",#2,#344,#102,0,0,0,0.29,1.2,0.01,0.24,1.83,0.01,0.66,"$4,000 ",0.17
"Joe Reed (WR, LAC)",WR,LAC,0.66,"$3,000 ",#16,#344,#140,0,0,0,0,0,0,0.24,2.96,0.02,0.66,"$3,000 ",0.22
"De'Michael Harris (WR, IND)",WR,IND,0.65,"$3,000 ",#31,#346,#141,0,0,0,0,0,0,0.24,2.89,0.02,0.65,"$3,000 ",0.22
"Ben Ellefson (TE, JAC)",TE,JAC,0.63,"$2,500 ",#30,#347,#71,0,0,0,0,0,0,0.26,2.51,0.02,0.63,"$2,500 ",0.25
"Nick Westbrook-Ikhine (WR, TEN)",WR,TEN,0.59,"$3,000 ",#26,#348,#142,0,0,0,0,0,0,0.22,2.48,0.02,0.59,"$3,000 ",0.2
"Riley Ridley (WR, CHI)",WR,CHI,0.55,"$3,000 ",#29,#349,#143,0,0,0,0,0,0,0.23,2.63,0.01,0.55,"$3,000 ",0.18
"D'Onta Foreman (RB, TEN)",RB,TEN,0.51,"$4,000 ",#26,#350,#103,0,0,0,0.4,1.69,0.01,0.13,0.98,0.01,0.51,"$4,000 ",0.13
"Trevon Wesco (TE, NYJ)",TE,NYJ,0.5,"$2,500 ",#23,#350,#72,0,0,0,0.3,1.64,0.01,0.11,1.1,0.01,0.5,"$2,500 ",0.2
"New Orleans D/ST (D, NO)",D/ST,NO),9.46,"$3,800 ",#24,#28,#1,17.5,325.4,2.69,1.04,0.64,0.23,9.46,"$3,800 ",2.49,,,
"Seattle D/ST (D, SEA)",D/ST,SEA,9.23,"$3,000 ",#25,#32,#2,16.5,292.67,2.87,0.84,0.42,0.25,9.23,"$3,000 ",3.08,,,
"Dallas D/ST (D, DAL)",D/ST,DAL,8.33,"$2,400 ",#26,#26,#3,19.75,330.59,3.19,0.76,0.51,0.2,8.33,"$2,400 ",3.47,,,
"Arizona D/ST (D, ARI)",D/ST,ARI,7.43,"$2,700 ",#27,#27,#4,21.75,320.9,2.61,0.76,0.64,0.19,7.43,"$2,700 ",2.75,,,
"Los Angeles Rams D/ST (D, LA)",D/ST,LA),7.4,"$3,200 ",#28,#19,#5,19.5,314.23,2.09,0.81,0.48,0.22,7.4,"$3,200 ",2.31,,,
"Houston D/ST (D, HOU)",D/ST,HOU,7.12,"$2,600 ",#29,#29,#6,22,333,2.6,0.79,0.49,0.19,7.12,"$2,600 ",2.74,,,
"San Francisco D/ST (D, SF)",D/ST,SF),6.9,"$2,700 ",#30,#23,#7,20.5,315.56,2.64,0.51,0.42,0.21,6.9,"$2,700 ",2.56,,,
"Philadelphia D/ST (D, PHI)",D/ST,PHI,6.78,"$2,200 ",#31,#5,#8,25,331.99,3.01,0.93,0.46,0.15,6.78,"$2,200 ",3.08,,,
"Green Bay D/ST (D, GB)",D/ST,GB),6.74,"$3,300 ",#32,#20,#9,23.25,354.36,2.81,0.65,0.48,0.19,6.74,"$3,300 ",2.04,,,
"Tennessee D/ST (D, TEN)",D/ST,TEN,6.76,"$3,100 ",#33,#30,#10,22.5,343.72,1.61,1.13,0.49,0.2,6.76,"$3,100 ",2.18,,,
"Cincinnati D/ST (D, CIN)",D/ST,CIN,6.62,"$2,300 ",#34,#24,#11,22.75,344.5,2.07,0.82,0.63,0.17,6.62,"$2,300 ",2.88,,,
"Kansas City D/ST (D, KC)",D/ST,KC),6.61,"$3,500 ",#35,#25,#12,21.75,325.9,2.23,0.7,0.45,0.2,6.61,"$3,500 ",1.89,,,
"Chicago D/ST (D, CHI)",D/ST,CHI,6.6,"$3,000 ",#36,#11,#13,23.5,371.26,2.49,0.74,0.55,0.18,6.6,"$3,000 ",2.2,,,
"Carolina D/ST (D, CAR)",D/ST,CAR,6.51,"$2,900 ",#37,#31,#14,20.5,338.98,1.53,0.79,0.5,0.21,6.51,"$2,900 ",2.24,,,
"Washington D/ST (D, WSH)",D/ST,WSH,6.44,"$2,800 ",#38,#14,#15,23,367.57,2.19,0.83,0.5,0.17,6.44,"$2,800 ",2.3,,,
"Tampa Bay D/ST (D, TB)",D/ST,TB),6.47,"$2,900 ",#39,#15,#16,23,358.52,2.3,0.67,0.55,0.2,6.47,"$2,900 ",2.23,,,
"Baltimore D/ST (D, BAL)",D/ST,BAL,6.34,"$3,000 ",#40,#16,#17,21.75,349.42,1.9,0.86,0.35,0.19,6.34,"$3,000 ",2.11,,,
"Pittsburgh D/ST (D, PIT)",D/ST,PIT,6.31,"$3,400 ",#41,#4,#18,25.75,361.35,2.5,0.81,0.66,0.16,6.31,"$3,400 ",1.86,,,
"Buffalo D/ST (D, BUF)",D/ST,BUF,6.26,"$2,300 ",#42,#9,#19,22.75,384.12,1.69,0.88,0.52,0.19,6.26,"$2,300 ",2.72,,,
"Los Angeles Chargers D/ST (D, LAC)",D/ST,LAC,5.91,"$2,600 ",#43,#17,#20,23.75,363.28,2.28,0.63,0.45,0.18,5.91,"$2,600 ",2.27,,,
"New England D/ST (D, NE)",D/ST,NE),5.77,"$3,300 ",#44,#10,#21,24,378.72,1.7,0.8,0.59,0.15,5.77,"$3,300 ",1.75,,,
"Indianapolis D/ST (D, IND)",D/ST,IND,5.75,"$3,200 ",#45,#12,#22,24.75,362.29,2.04,0.58,0.69,0.17,5.75,"$3,200 ",1.8,,,
"Cleveland D/ST (D, CLE)",D/ST,CLE,5.77,"$2,800 ",#46,#21,#23,24.75,341.88,2.32,0.58,0.56,0.17,5.77,"$2,800 ",2.06,,,
"Denver D/ST (D, DEN)",D/ST,DEN,5.74,"$2,500 ",#47,#13,#24,24,349.58,2.09,0.76,0.4,0.16,5.74,"$2,500 ",2.3,,,
"New York Giants D/ST (D, NYG)",D/ST,NYG,5.49,"$2,600 ",#48,#6,#25,24.75,375.63,2.04,0.76,0.38,0.17,5.49,"$2,600 ",2.11,,,
"Atlanta D/ST (D, ATL)",D/ST,ATL,5.45,"$2,400 ",#49,#18,#26,24.75,388.58,2.06,0.73,0.38,0.17,5.45,"$2,400 ",2.27,,,
"Las Vegas D/ST (D, LV)",D/ST,LV),4.71,"$2,500 ",#50,#22,#27,27.75,371.12,1.54,1,0.41,0.15,4.71,"$2,500 ",1.88,,,
"New York Jets D/ST (D, NYJ)",D/ST,NYJ,4.39,"$2,100 ",#51,#7,#28,31,385.06,2.64,0.62,0.58,0.11,4.39,"$2,100 ",2.09,,,
"Miami D/ST (D, MIA)",D/ST,MIA,3.98,"$2,800 ",#52,#2,#29,28.75,394.35,1.91,0.6,0.37,0.15,3.98,"$2,800 ",1.42,,,
"Jacksonville D/ST (D, JAC)",D/ST,JAC,3.88,"$2,200 ",#53,#3,#30,30,409.11,1.66,0.74,0.48,0.14,3.88,"$2,200 ",1.76,,,
"Minnesota D/ST (D, MIN)",D/ST,MIN,3.72,"$2,300 ",#54,#8,#31,29.5,363.6,1.78,0.53,0.49,0.15,3.72,"$2,300 ",1.62,,,
"Detroit D/ST (D, DET)",D/ST,DET,2.43,"$2,000 ",#55,#1,#32,31.25,405.03,1.59,0.36,0.34,0.13,2.43,"$2,000 ",1.22,,,
